Cell;1S;2S;HorzPos;VertPos
11;0;0;0;0
116;0;0;0;0
193;0;1;0;0
194;0;0;0;0
246;1;0;0;0
260;0;0;0;0
320;0;0;0;0
323;0;0;0;0
343;0;0;0;0
351;0;0;0;0
364;0;0;0;0
367;0;0;0;0
378;0;0;0;0
409;0;0;0;1
414;0;0;0;0
418;0;0;0;0
421;0;0;0;0
457;0;0;0;0
483;0;0;0;0
487;0;0;0;0
495;0;0;0;0
497;0;0;0;0
518;0;0;0;0
530;0;0;0;0
554;0;0;0;0
559;0;0;0;0
577;0;0;0;0
596;0;0;0;0
601;0;0;0;0
607;0;0;0;0
613;0;0;0;0
617;0;0;0;0
641;0;0;0;0
642;0;0;0;0
666;0;0;0;0
675;0;0;0;0
678;0;0;0;0
717;0;0;0;0
732;0;0;0;0
733;0;0;0;0
744;0;0;0;0
764;0;0;0;0
767;0;0;0;0
769;0;0;0;0
787;0;0;0;0
797;0;0;0;0
810;0;0;0;0
816;0;0;0;0
830;0;0;0;0
840;0;0;0;0
851;0;0;0;0
854;0;0;0;0
856;0;0;0;0
858;0;0;0;0
860;0;0;0;0
862;0;0;0;0
863;0;0;0;0
874;0;0;0;0
895;0;0;0;0
899;0;0;0;0
905;0;0;0;0
918;0;0;0;0
921;0;0;0;0
933;0;0;0;0
934;0;0;0;0
935;0;0;0;0
964;0;0;0;0
969;0;0;0;0
972;0;0;0;0
976;0;0;0;0
981;0;0;0;0
1006;0;0;0;0
1010;0;0;0;0
1025;0;0;0;0
1037;0;0;0;0
1040;0;0;0;0
1056;0;0;0;0
1058;0;0;0;0
1066;0;0;0;0
1076;0;0;0;0
1087;0;0;0;0
1092;0;0;0;0
1108;0;0;0;0
1119;0;0;0;0
1124;0;0;0;0
1138;0;0;0;0
1208;0;0;0;0
1213;0;1;0;1
1249;0;1;0;0
1337;0;1;0;0
1401;0;0;0;0
1411;0;0;0;0
1412;0;1;0;0
1418;0;0;0;0
1438;0;1;0;0
1444;0;1;0;0
1458;0;0;0;0
1461;0;1;0;0
1470;0;1;0;0
1572;0;0;0;0
1594;0;1;0;0
1651;0;0;0;0
1708;0;0;0;0
1709;0;0;0;0
1710;0;0;0;0
1712;0;0;0;1
1713;0;0;0;0
1714;0;0;0;0
1716;0;0;0;0
1717;0;0;0;0
1718;0;0;0;1
1722;0;1;0;0
1724;0;0;0;0
1726;0;0;0;0
1727;0;0;0;0
1729;0;0;0;0
1741;0;0;0;0
1742;0;0;0;0
1743;0;0;0;0
1746;0;0;0;1
1754;0;0;0;0
1757;0;1;0;0
1758;0;1;0;0
1759;0;0;0;0
1760;0;0;0;0
1762;0;0;0;0
1763;0;0;0;0
1765;0;0;0;0
1767;0;0;0;0
1768;0;0;0;0
1770;0;0;0;0
1772;0;0;0;0
1775;0;0;0;0
1788;0;0;0;0
1790;0;0;0;0
1795;0;0;0;0
1808;0;0;0;1
1809;0;0;0;0
1813;0;0;0;0
1814;0;0;0;0
1820;0;0;0;0
1822;0;0;0;0
1823;0;0;0;0
1824;0;0;0;1
1825;0;0;0;0
1827;0;0;0;1
1832;0;0;0;0
1836;0;0;0;0
1837;0;0;0;0
1840;0;0;0;0
1841;0;0;0;0
1854;0;1;0;0
1856;0;0;0;0
1857;0;0;0;0
1862;0;0;0;0
1863;0;0;0;0
1866;0;0;0;0
1867;0;0;0;0
1870;0;0;0;0
1872;0;0;0;0
1881;0;0;0;0
1882;0;0;0;0
1884;0;0;0;0
1885;0;0;0;0
1888;0;0;0;0
1898;0;0;0;0
1900;0;0;0;0
1901;0;0;0;0
1902;0;0;0;0
1904;0;0;0;0
1906;0;0;0;0
1909;0;0;0;0
1913;0;0;0;0
1914;0;0;0;0
1915;0;1;0;0
1916;0;0;0;0
1918;0;0;0;0
1919;0;0;0;0
1920;0;0;0;0
1921;0;0;0;0
1922;0;0;0;0
1923;0;0;0;0
1927;0;0;0;0
1929;0;0;0;0
1930;0;0;0;0
1932;0;0;0;0
1935;0;0;0;0
1938;0;1;0;0
1939;0;1;0;0
1940;0;0;0;0
1941;0;0;0;0
1947;0;0;0;0
1948;0;1;0;0
1951;0;0;0;0
1954;0;0;0;0
1956;0;0;0;0
1961;0;0;0;0
1966;0;0;0;0
1967;0;0;0;0
1971;0;1;0;0
1972;0;0;0;0
1973;0;0;0;0
1974;0;0;0;0
1975;0;0;0;0
1976;0;0;0;0
1979;0;0;0;0
1981;0;0;0;0
1984;0;0;0;0
1989;0;0;0;0
1990;0;0;0;0
1992;0;0;0;0
1994;0;0;0;0
2001;0;0;0;0
2009;0;0;0;0
2010;0;0;0;0
2012;0;0;0;0
2013;0;0;0;0
2015;0;0;0;0
2019;0;1;0;0
2020;0;0;0;0
2022;0;0;0;0
2023;0;0;0;0
2024;0;0;0;0
2025;0;0;0;0
2026;0;0;0;0
2027;0;0;0;0
2031;0;0;0;0
2033;0;0;0;0
2034;0;0;0;0
2036;0;0;0;0
2039;0;0;0;0
2042;0;1;0;0
2043;0;1;0;0
2044;0;0;0;0
2045;0;0;0;0
2051;0;0;0;0
2052;0;1;0;0
2055;0;0;0;0
2058;0;0;0;0
2060;0;0;0;0
2065;0;0;0;0
2070;0;0;0;0
2071;0;0;0;0
2075;0;1;0;0
2076;0;0;0;0
2077;0;0;0;0
2078;0;0;0;0
2079;0;0;0;0
2080;0;0;0;0
2083;0;0;0;0
2085;0;0;0;0
2088;0;0;0;0
2093;0;0;0;0
2094;0;0;0;0
2096;0;0;0;0
2098;0;0;0;0
2105;0;0;0;0
2113;0;0;0;0
2114;0;0;0;0
2116;0;0;0;0
2117;0;0;0;0
2119;0;0;0;0
2125;0;0;0;0
2129;0;1;0;0
2146;0;1;1;0
2148;0;1;0;0
2166;0;1;0;0
2180;0;0;0;0
2183;0;1;0;0
2193;0;0;0;0
2204;0;0;0;0
2215;0;0;0;0
2231;0;0;0;0
2253;0;0;0;0
2257;0;0;0;0
2265;0;1;0;0
2269;0;0;0;0
2275;0;1;1;0
2281;0;0;0;0
2289;0;1;0;0
2308;0;1;0;0
2321;0;1;0;0
2323;0;1;0;0
2340;0;1;0;0
2341;0;0;0;0
2344;0;0;0;0
2346;0;0;0;0
2350;0;1;0;0
2355;0;1;0;0
2358;0;1;0;0
2360;0;0;0;0
2369;0;0;0;0
2375;0;1;0;0
2380;0;1;0;0
2382;0;1;0;0
2387;0;1;0;0
2399;0;1;1;0
2400;0;1;0;0
2401;0;1;0;0
2408;0;1;0;0
2409;0;0;0;0
2410;0;1;1;0
2412;0;1;0;0
2416;0;0;0;0
2425;0;1;0;0
2428;0;1;1;0
2439;0;1;0;0
2443;0;1;0;0
2445;0;1;0;0
2448;0;1;0;0
2449;0;1;0;0
2456;0;1;0;0
2462;0;1;0;0
2464;0;0;0;0
2467;0;1;0;0
2471;0;1;1;0
2478;0;1;1;0
2486;0;1;0;0
2516;0;1;1;0
2518;0;1;0;0
2538;0;1;0;0
2539;0;1;0;0
2542;0;1;0;0
2546;0;1;0;0
2547;0;0;0;0
2548;0;1;0;0
2552;0;1;0;0
2554;0;1;0;0
2555;0;1;0;0
2556;0;1;0;0
2560;0;1;0;0
2561;0;1;0;0
2564;0;1;0;0
2568;0;1;0;0
2570;0;1;0;0
2575;0;1;0;0
2584;0;1;1;0
2585;0;1;0;0
2586;0;1;1;0
2590;0;1;0;0
2591;0;1;0;0
2592;0;1;0;0
2594;0;1;0;0
2596;0;1;1;0
2599;0;1;0;0
2608;0;1;0;0
2609;0;1;0;0
2611;0;1;0;0
2614;0;0;0;0
2621;0;1;1;0
2622;0;1;1;0
2628;0;1;0;0
2632;0;1;0;0
2633;0;1;1;0
2639;0;0;0;0
2640;0;1;0;0
2643;0;1;1;0
2652;0;1;0;0
2655;0;1;0;0
2656;0;1;0;0
2663;0;1;0;0
2666;0;1;0;0
2668;0;1;0;0
2669;0;1;1;0
2671;0;1;1;0
2672;0;1;0;0
2675;0;1;0;0
2677;0;1;0;0
2680;0;1;0;0
2683;0;1;0;0
2685;0;1;0;0
2691;0;0;0;0
2694;0;1;1;0
2697;0;1;0;0
2704;0;1;0;0
2706;0;1;0;0
2707;0;1;1;0
2709;0;1;0;0
2715;0;1;0;0
2716;0;1;0;0
2719;0;1;0;0
2722;0;1;1;0
2726;0;1;0;0
2729;0;1;0;0
2730;0;1;1;0
2731;0;1;0;0
2736;0;1;0;0
2737;0;1;0;0
2743;0;1;0;0
2744;0;1;0;0
2745;0;1;1;0
2748;0;1;0;0
2749;0;1;0;0
2751;0;1;1;0
2752;0;1;1;0
2753;0;1;0;0
2757;0;1;1;0
2760;0;1;0;0
2764;0;1;0;0
2765;0;0;1;0
2766;0;1;0;0
2769;0;1;0;0
2770;0;1;1;0
2772;0;1;0;0
2775;0;1;1;0
2776;0;1;0;0
2777;0;1;0;0
2778;0;1;0;0
2781;0;1;0;0
2782;0;1;1;0
2783;0;1;0;0
2785;0;1;0;1
2791;0;1;0;0
2792;0;1;0;0
2796;0;1;1;0
2802;0;1;1;0
2805;0;1;1;0
2810;0;1;0;0
2812;0;1;0;0
2815;0;1;0;0
2818;0;1;0;0
2822;0;1;0;0
2823;0;1;0;0
2824;0;1;0;0
2826;0;1;0;0
2827;0;1;1;0
2830;0;1;1;0
2831;0;1;1;0
2832;0;0;1;0
2834;0;1;0;0
2836;0;1;0;0
2837;0;0;0;0
2843;0;1;1;0
2845;0;1;0;0
2847;0;1;0;0
2848;0;1;1;0
2855;0;1;0;0
2857;0;1;1;0
2860;0;1;1;0
2861;0;1;1;0
2863;0;1;0;0
2866;0;1;0;0
2870;0;1;0;0
2872;0;1;1;0
2874;0;1;0;0
2877;0;1;1;0
2878;0;1;0;0
2879;0;1;0;0
2882;0;1;1;0
2883;0;1;0;0
2888;0;1;0;0
2889;0;1;0;0
2890;0;1;0;0
2893;0;1;0;0
2894;0;1;0;0
2895;0;1;0;0
2897;0;1;0;0
2899;0;1;0;0
2900;0;1;0;0
2903;0;1;0;0
2905;0;1;0;1
2906;0;1;0;0
2911;0;0;0;0
2912;0;1;0;0
2913;0;1;0;0
2916;0;0;0;0
2917;0;1;0;0
2919;0;1;0;0
2920;0;1;0;0
2923;0;1;0;0
2925;0;1;1;0
2927;0;1;1;0
2928;0;1;0;0
2929;0;1;0;0
2931;0;1;0;0
2934;0;1;1;0
2935;0;1;1;0
2936;0;1;0;0
2938;0;1;0;0
2940;0;1;0;0
2943;0;1;0;0
2945;0;1;0;0
2947;0;1;0;0
2950;0;1;0;0
2952;0;1;0;0
2954;0;1;0;0
2955;0;1;1;0
2959;0;1;1;0
2967;0;1;0;0
2968;0;0;0;0
2970;0;1;1;0
2972;0;1;0;0
2974;0;1;0;1
2976;0;1;1;0
2977;0;1;0;0
2978;0;1;1;0
2981;0;1;1;0
2986;0;0;0;0
2987;0;1;0;1
2988;0;1;0;0
2989;0;1;1;0
2991;0;1;0;0
2992;0;1;0;0
2998;0;1;1;0
3003;0;1;0;0
3006;0;1;0;0
3007;0;1;1;0
3008;0;1;0;0
3012;0;1;1;0
3013;0;1;0;0
3019;0;1;0;1
3020;0;1;0;0
3024;0;1;0;0
3025;0;0;0;0
3026;0;1;0;0
3028;0;1;0;0
3029;0;1;1;0
3030;0;1;0;0
3031;0;1;0;0
3033;0;1;0;0
3038;0;1;0;1
3040;0;1;0;0
3042;0;1;0;0
3043;0;1;0;1
3044;0;1;1;0
3046;0;1;0;0
3048;0;0;0;0
3049;0;1;1;0
3050;0;1;0;0
3054;0;1;1;0
3055;0;1;0;0
3059;0;1;0;0
3062;0;1;0;0
3064;0;1;0;0
3065;0;1;0;0
3066;0;1;0;0
3067;0;1;0;0
3068;0;1;0;0
3069;0;1;1;0
3070;0;1;0;0
3075;0;1;0;0
3076;0;1;0;0
3077;0;1;0;0
3079;0;1;1;0
3080;0;1;1;0
3081;0;1;0;0
3085;0;0;0;0
3086;0;1;0;0
3087;0;1;0;0
3090;0;1;0;0
3092;0;1;0;0
3093;0;0;0;0
3095;0;1;0;0
3101;0;1;0;0
3106;0;1;1;0
3111;0;1;0;0
3112;0;1;0;0
3114;0;1;1;0
3116;0;1;0;0
3118;0;1;1;0
3120;0;1;1;0
3121;0;1;0;0
3124;0;1;0;0
3129;0;1;1;0
3132;0;1;0;0
3135;0;1;1;0
3136;0;1;0;0
3138;0;1;0;0
3141;0;1;1;0
3142;0;1;0;0
3143;0;1;0;0
3147;0;1;0;0
3149;0;1;1;0
3150;0;1;0;0
3151;0;0;1;0
3152;0;1;1;0
3156;0;1;1;0
3157;0;1;0;0
3158;0;1;0;0
3159;0;1;0;0
3160;0;1;0;0
3161;0;1;1;0
3166;0;1;0;0
3169;0;1;0;0
3174;0;1;0;0
3177;0;1;0;0
3178;0;1;0;0
3180;0;1;0;0
3184;0;1;0;0
3185;0;1;0;0
3186;0;1;1;0
3188;0;1;1;0
3193;0;0;0;0
3197;0;1;0;0
3198;0;1;0;0
3200;0;1;0;0
3201;0;1;0;0
3202;0;1;0;0
3205;0;1;0;0
3207;0;1;0;0
3210;0;1;0;0
3212;0;1;1;0
3214;0;1;0;0
3216;0;1;1;0
3218;0;1;0;0
3220;0;1;0;0
3226;0;1;0;0
3227;0;1;1;0
3229;0;1;0;0
3233;0;1;0;0
3236;0;1;0;0
3237;0;1;0;0
3238;0;1;0;0
3241;0;1;1;0
3248;0;1;0;0
3250;0;1;0;0
3252;0;1;0;0
3254;0;1;1;0
3258;0;1;0;0
3263;0;1;0;0
3266;0;1;0;0
3267;0;1;1;0
3268;0;1;0;0
3275;0;1;0;0
3276;0;1;0;0
3278;0;1;1;0
3289;0;0;0;0
3293;0;0;0;1
3296;0;0;0;0
3297;0;0;0;0
3304;0;0;0;0
3314;0;0;1;0
3321;0;1;1;0
3325;0;0;0;0
3327;0;0;0;0
3329;0;0;0;0
3336;0;0;0;0
3337;0;1;0;0
3346;1;0;0;0
3358;0;1;0;0
3366;0;0;0;0
3367;0;1;0;0
3380;0;0;1;0
3394;0;0;0;0
3397;0;0;0;0
3400;0;1;1;0
3403;0;0;0;0
3411;0;0;0;0
3413;0;0;0;0
3419;0;1;1;0
3424;0;0;0;0
3430;0;0;1;0
3436;0;0;0;0
3448;0;1;0;0
3450;0;0;0;0
3452;0;1;0;0
3458;0;0;0;0
3462;0;1;1;0
3463;0;1;0;0
3482;0;1;1;0
3483;0;1;0;1
3486;0;0;0;0
3489;0;1;0;0
3495;0;0;0;0
3499;0;1;0;0
3500;0;0;0;0
3504;0;0;0;0
3507;0;1;0;0
3510;0;1;0;0
3513;0;0;0;0
3516;0;1;1;0
3521;0;0;1;0
3523;0;0;0;0
3524;0;0;0;0
3529;0;0;0;0
3557;0;1;0;1
3560;0;0;0;0
3562;0;0;0;0
3570;0;1;0;0
3573;0;0;0;0
3576;0;1;0;0
3583;0;1;0;0
3586;0;0;0;0
3589;0;1;0;0
3594;0;0;0;1
3617;0;1;0;0
3619;0;0;0;0
3625;0;1;0;0
3626;0;1;0;0
3629;0;1;0;0
3630;0;1;0;0
3631;0;1;0;0
3633;0;1;0;0
3635;0;1;0;0
3639;0;1;0;0
3640;0;0;0;0
3652;0;1;1;0
3659;0;1;1;0
3660;0;0;0;0
3661;0;1;0;0
3662;0;0;0;0
3663;0;1;0;0
3664;0;1;0;0
3669;0;0;1;0
3674;0;1;1;0
3678;0;0;0;0
3681;0;0;0;0
3690;0;0;0;0
3692;0;1;0;0
3694;0;1;0;0
3698;0;0;0;0
3700;0;0;0;0
3701;0;1;0;0
3703;0;1;0;0
3706;0;1;0;0
3707;0;1;0;0
3719;0;0;0;0
3730;0;0;0;0
3732;0;1;0;0
3738;0;1;0;0
3743;0;0;0;0
3744;0;0;0;0
3747;0;0;0;0
3748;0;1;0;0
3750;0;0;0;0
3753;0;0;1;0
3758;0;0;0;0
3761;0;1;0;0
3766;0;1;0;0
3771;0;1;1;0
3776;0;1;0;0
3777;0;1;1;0
3778;0;1;1;0
3782;0;0;0;0
3787;0;1;0;0
3795;0;1;1;0
3805;0;1;0;0
3817;0;1;1;0
3818;0;0;0;0
3837;0;1;0;0
3838;0;1;0;0
3848;0;0;0;0
3856;0;1;0;0
3862;0;1;0;0
3863;0;1;0;0
3872;0;1;0;0
3880;0;1;0;0
3881;0;0;0;0
3895;0;1;0;0
3900;0;1;1;0
3903;0;1;0;0
3927;0;1;0;0
3928;0;1;0;0
3937;0;1;0;0
3947;0;0;1;0
3952;0;1;0;0
3955;0;1;1;0
3956;0;1;0;0
3965;0;1;0;0
3970;0;0;0;0
3982;0;1;0;0
3996;0;1;1;0
3998;0;1;0;0
4012;0;0;0;0
4013;0;0;0;0
4024;0;0;0;0
4030;0;0;0;0
4064;0;0;0;0
4079;0;0;0;0
4265;0;0;0;0
4283;0;0;0;0
4284;0;0;0;0
4332;0;1;0;0
4412;0;0;0;0
4444;0;0;0;0
4450;0;0;0;0
4451;0;0;0;0
4498;0;0;0;0
4500;0;0;0;0
4516;0;0;0;0
4533;0;1;0;0
4537;0;1;0;0
4542;0;1;0;0
4555;0;1;0;0
4560;0;0;0;0
4561;0;0;0;0
4595;0;0;0;1
4603;0;0;0;0
4612;0;0;0;0
4649;0;0;0;0
4653;0;0;0;0
4677;0;0;0;0
4687;0;0;0;0
4695;0;0;0;0
4711;0;1;0;0
4730;0;0;0;0
4770;0;0;0;0
4771;0;0;0;0
4785;0;0;0;0
4786;0;1;0;0
4790;0;1;0;0
4813;0;0;0;1
4817;0;1;0;0
4841;0;1;0;0
4865;0;0;0;0
4868;0;0;0;0
4909;0;1;0;0
4912;0;0;0;0
4919;0;0;0;0
4920;0;0;0;0
4933;0;0;0;0
4948;0;0;0;0
4955;0;1;0;0
4959;0;0;0;0
4965;0;1;0;0
4981;0;0;0;0
4983;0;1;0;0
4989;0;1;0;0
4999;0;0;0;0
5010;0;1;0;0
5017;0;1;0;0
5022;0;1;0;0
5045;0;0;0;0
5058;0;1;0;0
5065;0;0;0;0
5075;0;0;0;0
5081;0;0;0;0
5083;0;0;0;0
5102;0;1;0;0
5106;0;0;0;0
5158;0;1;1;0
5184;0;0;0;0
5210;0;1;0;0
5213;0;1;1;0
5221;0;1;0;0
5235;0;1;0;0
5264;0;1;1;0
5301;0;0;0;0
5324;0;1;0;0
5333;0;1;0;0
5353;0;1;0;0
5360;0;0;1;0
5374;0;0;0;0
5383;0;0;0;0
5412;0;0;0;0
5422;0;1;0;0
5501;0;1;0;0
5510;0;1;0;0
5522;0;1;0;0
5559;0;1;0;0
5562;0;1;0;0
5565;0;1;1;0
5567;0;1;0;0
5576;0;0;0;0
5584;0;1;1;0
5608;0;1;0;0
5612;0;0;0;0
5653;0;1;1;0
5767;0;0;1;0
5773;0;1;0;0
5832;0;1;0;0
5858;0;1;0;0
5881;0;1;0;0
5910;0;0;0;1
5980;0;1;0;0
6012;0;0;0;0
6074;0;1;0;0
6087;0;1;0;0
6105;0;0;0;0
6139;0;1;0;0
6188;0;0;0;0
6284;0;1;0;0
6321;0;1;0;0
6371;0;1;0;0
6418;0;0;0;0
6488;0;0;0;0
6489;0;1;0;0
6567;0;1;0;0
6575;0;0;1;0
6579;0;0;0;0
6594;0;0;0;0
6614;0;1;0;0
6627;0;1;0;0
6635;0;1;0;0
6679;0;1;0;0
6690;0;1;0;0
6691;0;1;0;0
6693;0;0;1;0
6702;0;0;0;0
6706;0;1;0;0
6709;0;0;0;0
6742;0;1;0;0
6744;0;0;0;0
6771;0;0;1;0
6773;0;0;0;0
6779;0;0;0;0
6799;0;1;1;0
6815;0;0;0;0
6822;0;0;0;0
6868;0;0;0;0
6872;0;0;0;0
6920;0;0;0;0
6953;0;0;0;0
7021;0;0;1;0
7023;0;1;0;0
7025;0;0;1;0
7026;0;1;0;0
7027;0;1;1;0
7037;0;1;0;0
7042;0;1;0;0
7043;0;1;0;0
7072;0;1;0;0
7122;0;0;0;0
7132;0;0;0;0
7148;0;0;0;0
7196;0;1;1;0
7315;0;0;1;0
7471;0;1;1;0
7472;0;1;0;0
7475;0;1;0;0
7489;0;1;0;0
7514;0;1;1;0
7523;0;0;0;0
7538;0;0;1;0
7582;0;0;0;0
7649;0;0;0;0
7663;0;1;0;0
7693;0;0;0;0
7768;0;0;0;0
7802;0;1;0;0
7819;0;0;0;0
7900;0;1;0;0
7982;0;1;1;0
8017;0;1;0;0
8206;0;0;0;0
8287;0;0;0;0
8382;0;0;0;0
8401;0;0;0;0
8440;0;0;0;0
8920;0;0;1;0
9052;0;0;0;0
9111;0;1;0;0
9126;1;0;0;0
9150;0;0;0;0
9220;0;0;0;0
9306;0;0;0;0
9319;0;0;0;0
9390;0;0;0;0
9447;0;1;0;0
9523;0;0;0;0
9528;0;0;0;1
9662;0;0;0;0
9720;0;1;0;0
9863;0;1;1;0
9888;0;0;0;0
9944;0;0;0;0
9979;0;0;0;0
10027;0;0;0;0
10107;0;0;0;0
10157;0;1;1;0
10163;0;0;0;0
10170;0;1;0;0
10181;0;0;0;0
10193;0;0;0;0
10225;0;1;1;0
10237;0;0;0;0
10263;0;0;0;0
10265;0;0;0;0
10276;0;0;0;0
10280;0;0;0;0
10300;0;0;0;0
10314;0;0;0;0
10332;0;0;0;0
10388;0;1;0;0
10446;0;1;0;0
10468;0;1;1;0
10501;0;1;0;0
10519;0;0;0;0
10524;0;0;0;0
10542;0;0;0;0
10553;0;1;0;1
10571;0;1;0;0
10587;0;0;0;1
10602;0;0;1;0
10603;0;0;0;0
10621;0;1;0;0
10625;0;0;0;0
10633;0;0;0;0
10697;0;1;0;0
10710;0;0;0;0
10750;0;0;0;0
10763;0;0;0;0
10807;0;1;0;0
10830;0;0;0;0
10840;0;0;0;0
10841;0;1;0;0
10848;0;1;0;0
10876;0;0;0;0
10878;0;1;0;0
10879;0;1;0;0
10890;0;0;0;0
10910;0;1;0;0
10930;0;0;0;1
10932;0;0;0;0
10933;0;0;0;0
10937;0;0;0;0
10944;0;1;0;0
10948;0;1;0;0
10950;0;1;0;0
10954;0;1;0;0
10959;0;0;0;0
10965;0;1;0;0
10967;0;0;0;0
10979;0;0;0;0
10989;0;1;0;0
10993;0;0;0;0
11020;0;0;0;0
11045;0;0;0;0
11052;0;0;0;0
11056;0;1;0;1
11061;0;1;1;0
11070;0;0;0;0
11096;0;0;0;0
11108;0;0;0;0
11635;0;0;0;0
12168;0;0;0;0
12226;0;0;0;0
12228;0;0;0;0
12485;0;0;0;0
12803;0;0;0;0
12849;0;0;0;0
12873;0;0;0;0
12907;0;0;0;0
12915;0;0;0;0
12945;0;0;0;0
12961;1;0;0;0
12978;0;0;0;0
13092;0;0;0;0
13128;0;0;0;0
13232;0;0;0;0
13272;0;0;0;0
13308;0;0;0;0
13319;0;0;0;0
13331;1;0;0;0
13359;0;0;0;0
13438;0;0;0;0
13468;0;0;0;0
13472;0;0;0;0
13477;1;0;0;0
13580;0;0;0;0
13583;0;0;0;0
13605;1;0;0;1
13607;0;0;0;0
13626;0;0;0;0
13627;0;0;0;0
13629;1;0;0;0
13636;0;0;0;0
13640;0;1;0;0
13646;0;0;0;0
13653;0;0;0;1
13674;0;0;0;0
13713;0;0;0;0
13714;0;0;0;0
13721;0;0;0;1
13727;0;0;0;0
13742;0;0;0;0
13748;0;0;0;0
13773;0;0;0;0
13790;0;0;0;0
13821;0;0;0;0
13838;0;0;0;0
13850;0;0;0;0
13868;0;0;0;0
13912;0;0;0;0
13913;0;0;0;0
13919;0;0;0;0
13932;0;0;0;0
13940;1;0;0;0
13954;0;0;0;0
13956;0;1;1;0
13959;0;0;0;0
13968;0;0;0;0
13981;0;0;0;0
13985;0;1;0;0
14146;0;0;0;0
14165;0;0;0;0
14235;0;1;0;0
14238;0;1;1;0
14240;0;1;1;0
14256;0;0;0;0
14297;0;0;0;0
14313;0;0;0;0
14350;0;0;0;0
14360;0;0;0;0
14475;0;0;0;0
14488;0;0;1;0
14493;0;0;0;1
14500;0;0;0;1
14506;0;1;1;0
14530;0;0;0;0
14534;0;0;0;0
14537;0;0;0;0
14544;0;0;0;0
14549;0;0;0;0
14568;0;0;0;0
14628;0;0;0;0
14718;0;0;0;0
14766;0;0;0;0
14780;0;1;0;0
14781;0;0;1;0
14785;0;1;0;0
14796;0;0;0;0
14805;0;0;0;0
14817;0;0;0;0
14827;0;0;0;0
14854;0;1;0;0
14857;0;0;0;0
14870;0;0;0;0
14884;0;1;0;0
14891;0;0;0;0
14931;0;0;0;0
14949;0;0;0;0
14967;0;0;0;0
14975;0;0;0;0
14988;0;1;1;0
15001;0;0;0;0
15017;0;0;0;0
15120;0;0;0;0
15457;0;0;0;0
15491;0;0;0;0
15634;0;0;0;0
15756;0;0;0;0
15760;0;0;1;0
15766;0;0;0;0
15793;0;0;0;0
15795;0;0;0;0
15835;0;1;0;0
15860;0;0;0;0
15920;0;0;0;0
15953;0;1;0;0
15995;0;0;0;0
16003;0;0;1;0
16008;0;0;0;0
16009;0;0;0;0
16010;0;0;0;0
16019;0;1;0;0
16027;0;0;0;0
16060;0;1;1;0
16081;0;0;0;0
16106;0;0;0;0
16112;0;0;0;0
16161;0;0;0;0
16227;0;0;1;0
16295;0;0;1;0
16350;0;0;0;1
16351;0;0;0;0
16410;0;0;0;0
16429;0;0;0;0
16435;0;0;0;0
16461;0;1;0;1
16679;0;0;0;0
16734;0;0;0;0
16736;0;1;1;0
16740;0;1;0;1
16744;0;1;0;0
16793;0;0;0;0
16808;0;0;0;0
16829;0;0;0;0
16883;0;0;0;1
16907;0;1;0;0
16982;0;0;0;0
16997;0;0;0;0
17104;0;1;0;0
17122;0;1;1;0
17134;0;0;0;0
17155;0;1;0;0
17158;0;1;0;0
17168;0;0;0;0
17181;0;0;0;0
17187;0;0;1;0
17200;0;1;0;0
17207;0;0;0;0
17246;0;1;0;0
17259;0;1;0;0
17274;0;1;0;0
17275;0;0;0;0
17283;0;0;0;0
17285;0;1;1;0
17293;0;0;0;0
17319;0;0;0;0
17340;0;1;0;0
17409;0;1;0;0
17453;0;0;0;0
17486;0;1;0;0
17492;0;1;1;0
17501;0;1;0;0
17507;0;1;1;0
17516;0;1;0;0
17521;0;0;0;0
17522;0;1;1;0
17528;0;1;0;0
17557;0;0;0;0
17572;0;1;0;0
17581;0;0;0;0
17594;0;1;0;0
17603;0;1;0;0
17615;0;1;0;0
17616;0;0;0;0
17650;0;0;0;0
17655;0;1;0;0
17662;0;1;1;0
17667;0;1;1;0
17673;0;1;0;0
17680;0;1;0;0
17698;0;1;0;0
17706;0;1;0;0
17773;0;1;0;0
17835;0;0;0;0
17845;0;0;0;0
17853;0;0;0;0
17929;0;1;1;0
17935;0;1;0;0
17937;0;0;1;0
17971;0;0;1;0
17974;0;1;1;0
18002;0;0;0;0
18014;0;1;1;0
18039;0;1;0;0
18046;0;0;0;0
18053;0;0;0;0
18083;0;0;1;0
18090;0;0;0;0
18147;0;1;0;0
18150;0;0;0;0
18161;0;0;0;0
18167;0;1;0;0
18171;0;0;0;0
18231;0;0;0;0
18256;0;0;1;0
18267;0;1;0;0
18321;0;1;1;0
18330;0;0;1;0
18337;0;0;0;0
18341;0;1;0;0
18368;0;0;1;0
18384;0;0;0;0
18402;0;0;0;0
18408;0;0;0;0
18417;0;0;0;0
18427;0;0;1;0
18433;0;0;1;0
18439;0;0;0;0
18442;0;1;0;0
18447;0;1;0;0
18450;0;0;0;0
18456;0;0;0;0
18459;0;1;0;1
18473;0;0;0;0
18498;0;1;0;0
18499;1;0;1;0
18519;0;0;0;0
18548;0;1;0;0
18562;0;0;1;0
18576;0;0;0;0
18607;0;1;1;0
18623;0;0;0;0
18627;1;0;1;0
18662;0;0;0;0
18683;0;1;1;0
18689;0;0;1;0
18691;0;0;1;0
18700;0;1;1;0
18729;0;1;1;0
18735;0;0;0;0
18780;0;1;1;0
18785;0;1;0;0
18829;0;1;1;0
18836;0;0;1;0
18839;0;0;1;0
18863;0;1;0;0
18908;0;1;1;0
18915;0;0;0;0
18947;0;1;0;0
18950;0;0;0;0
18972;0;1;0;0
18981;0;0;0;0
18982;0;0;0;0
18991;0;0;1;0
18997;0;1;0;0
19003;0;1;0;1
19011;0;0;1;0
19015;0;0;0;0
19016;0;0;0;0
19041;0;0;1;0
19043;0;0;0;0
19049;0;1;1;0
19053;0;1;1;0
19062;0;1;0;0
19085;0;0;1;0
19111;1;0;0;0
19115;0;1;0;0
19116;0;0;1;0
19117;0;0;1;0
19120;0;0;0;0
19132;0;0;1;0
19159;0;0;1;0
19164;0;1;0;1
19195;0;1;0;0
19198;0;0;0;0
19221;0;0;0;0
19229;0;0;0;0
19235;0;1;1;0
19240;0;1;0;0
19256;0;0;0;0
19262;0;1;0;0
19271;0;0;0;0
19281;0;0;0;0
19288;0;0;0;0
19291;0;0;0;0
19300;0;1;0;0
19315;0;1;0;0
19322;0;1;0;0
19334;0;0;0;0
19336;0;0;0;0
19340;0;0;0;0
19350;1;0;0;0
19352;0;0;0;0
19360;0;0;0;0
19362;0;0;0;0
19366;0;0;0;0
19376;0;0;0;0
19378;0;0;0;0
19380;0;0;0;0
19389;0;0;0;0
19396;0;0;0;0
19404;0;0;0;0
19413;0;0;0;0
19414;0;0;0;0
19437;0;0;0;0
19438;0;0;0;0
19443;0;0;0;0
19446;0;0;0;0
19454;0;0;0;0
19470;0;0;0;0
19473;0;0;0;0
19474;0;0;0;0
19475;0;0;0;0
19489;0;0;0;0
19490;0;0;0;0
19497;0;0;0;0
19509;0;0;0;0
19523;0;0;0;0
19525;0;0;0;0
19526;0;0;0;1
19533;0;0;0;0
19534;0;0;0;0
19535;0;0;0;1
19539;0;0;0;0
19552;0;0;0;0
19554;0;0;0;0
19571;0;0;0;0
19573;0;0;0;0
19587;0;0;0;0
19599;0;0;0;0
19619;0;0;0;0
19626;0;0;0;0
19632;0;0;0;0
19659;0;0;0;0
19660;0;0;0;0
19667;0;0;0;0
19673;0;0;0;0
19679;0;0;0;0
19683;0;0;0;1
19684;0;0;0;0
19695;0;0;0;0
19697;0;0;0;1
19699;0;0;0;0
19703;0;0;0;0
19706;0;0;0;0
19715;0;0;0;0
19719;0;0;0;0
19721;0;0;0;0
19748;0;0;0;0
19752;0;0;0;0
19767;0;0;0;0
19769;0;0;0;0
19775;0;0;0;0
19805;0;0;0;0
19831;0;0;0;0
19832;0;0;0;0
19838;0;0;0;0
19841;0;0;0;0
19842;0;0;0;0
19845;0;0;0;0
19863;0;0;0;0
19870;0;0;0;0
19877;0;0;0;0
19880;0;0;0;0
19882;0;0;0;0
19883;0;0;0;0
19885;0;0;0;0
19887;0;0;0;0
19889;0;0;0;0
19891;0;0;0;0
19919;0;0;0;0
19946;0;1;0;0
19950;0;0;0;0
19956;0;0;0;0
19975;0;0;0;0
19983;0;0;0;0
19985;0;0;0;0
20001;0;0;0;0
20004;0;0;0;0
20012;0;0;0;0
20029;0;0;0;0
20032;0;0;0;0
20034;0;0;0;0
20041;0;0;0;0
20084;0;0;0;0
20100;0;0;0;0
20122;0;0;0;0
20141;0;0;0;0
20153;0;0;0;0
20159;0;0;0;0
20163;0;0;0;0
20166;0;0;0;0
20171;0;0;0;0
20178;0;0;0;0
20193;0;0;0;0
20212;0;0;0;0
20256;0;0;0;0
20259;0;0;0;0
20276;0;0;0;0
20282;0;0;0;0
20284;0;0;0;0
20286;0;0;0;0
20287;0;0;0;0
20290;0;0;0;0
20293;0;0;0;0
20297;0;0;0;0
20325;0;0;0;0
20346;0;0;0;0
20362;0;0;0;0
20363;0;0;0;0
20366;0;0;0;0
20367;0;0;0;0
20370;0;0;0;0
20388;0;0;0;0
20414;0;0;0;0
20416;0;0;0;0
20419;0;0;0;0
20427;0;0;0;0
20429;0;0;0;0
20454;0;0;0;0
20470;0;0;0;0
20471;0;0;0;0
20478;0;0;0;0
20479;0;0;0;0
20480;0;0;0;0
20488;0;0;0;0
20500;0;0;0;0
20529;0;0;0;0
20533;0;0;0;0
20620;0;1;0;0
20650;0;0;0;0
20664;0;0;0;0
20693;0;0;0;0
20762;0;0;0;0
20788;0;0;0;0
20947;0;0;0;0
20957;0;0;0;0
20967;0;0;0;0
20982;0;0;0;0
20987;0;0;0;0
20995;0;0;0;0
21006;1;0;0;0
21009;0;0;0;0
21030;0;0;0;0
21031;0;0;0;0
21067;0;0;0;0
21081;0;0;0;0
21094;0;0;0;0
21099;0;0;0;0
21118;0;0;0;0
21157;0;0;0;0
21161;0;0;0;0
21188;0;0;0;0
21189;0;0;0;0
21192;0;0;0;0
21196;0;0;0;0
21198;0;0;0;0
21223;0;0;0;0
21224;0;0;0;0
21240;0;0;0;0
21242;0;0;0;0
21246;0;0;0;0
21252;0;0;0;0
21260;0;0;0;0
21265;0;0;0;0
21266;0;0;0;0
21356;0;0;0;0
21359;0;0;0;0
21379;0;0;0;0
21385;0;0;0;0
21392;0;0;0;0
21395;0;0;0;0
21397;0;0;0;0
21417;0;0;0;0
21424;0;1;0;0
21426;0;1;0;0
21434;0;0;0;0
21498;0;0;1;0
21501;0;0;0;0
21521;0;0;0;0
21548;0;0;0;0
21575;0;0;0;0
21601;0;0;0;0
21611;0;0;0;1
21614;0;0;0;0
21618;0;1;0;0
21652;0;1;0;0
21656;0;0;0;0
21678;0;0;0;1
21683;0;0;0;0
21689;0;0;0;0
21716;0;0;0;0
21738;0;0;0;0
21762;0;0;0;0
21784;0;0;0;0
21794;0;0;0;0
21804;0;0;0;0
21814;0;0;0;0
21824;0;0;0;0
21832;0;0;0;0
21841;0;0;0;0
21865;0;0;0;0
21868;0;0;0;0
21885;0;0;0;0
21914;0;0;0;0
21918;0;0;0;0
21921;0;0;0;0
21947;0;0;0;0
22037;0;1;0;0
22184;0;0;0;0
22241;0;0;0;0
22291;0;0;1;0
22324;0;0;0;0
22325;0;1;0;0
22423;0;0;0;0
22426;0;1;0;0
22530;0;0;0;0
22547;0;0;0;0
22558;0;1;0;0
22579;0;0;0;0
22614;0;0;0;0
22620;0;0;0;0
22630;0;0;0;0
22634;0;0;0;0
22640;0;1;0;0
22655;0;1;0;0
22702;0;1;1;0
22754;0;0;0;0
22759;0;0;0;1
22774;0;0;0;1
22804;0;0;1;0
22807;0;0;0;0
22813;0;1;0;0
22835;0;0;0;0
22837;0;0;0;0
22856;0;0;0;0
22858;0;1;0;0
22873;0;0;0;0
22887;0;1;1;0
22902;0;1;0;0
22912;0;1;0;0
22915;0;1;0;0
22935;0;0;0;0
22942;0;0;0;0
22980;0;0;0;0
22984;0;0;0;0
22985;0;0;0;0
22988;0;1;0;0
23005;0;0;0;0
23017;0;0;0;0
23020;0;1;0;0
23021;0;0;0;0
23024;0;1;0;0
23037;0;0;0;0
23038;0;0;0;0
23051;0;0;1;0
23055;0;0;0;1
23056;0;1;1;0
23058;0;1;0;0
23062;0;1;0;0
23089;0;1;0;0
23102;0;0;0;0
23123;0;1;0;0
23132;0;0;0;0
23136;0;1;1;0
23147;0;1;0;0
23160;0;0;1;0
23179;0;0;0;0
23185;0;1;1;0
23197;0;1;0;0
23207;0;0;0;0
23216;0;0;0;0
23219;0;1;0;0
23238;0;1;1;0
23242;0;1;0;0
23245;0;0;0;0
23249;0;1;0;0
23273;0;0;0;0
23303;0;0;0;0
23304;0;0;0;0
23307;0;1;0;0
23317;0;0;0;0
23321;0;1;1;0
23341;0;1;0;0
23353;0;0;0;0
23363;0;1;0;0
23364;0;0;0;0
23375;0;0;0;0
23381;0;1;1;0
23382;0;1;0;0
23384;0;0;0;0
23385;0;0;0;0
23386;0;1;0;0
23389;0;0;0;0
23412;0;1;0;0
23415;0;0;0;0
23422;0;0;0;0
23428;0;1;0;0
23431;0;0;0;0
23432;0;1;0;0
23434;0;0;0;0
23449;0;0;0;0
23486;0;1;1;0
23502;0;0;1;0
23554;0;1;0;0
23558;0;1;1;0
23561;0;1;0;0
23661;0;1;0;0
23710;0;1;0;0
23721;0;1;0;0
23726;0;1;1;0
23743;0;0;0;0
23780;0;0;0;0
23823;0;1;1;0
23853;0;1;0;0
23869;0;1;0;0
23874;0;0;1;0
23901;0;1;1;0
23923;0;0;0;0
23958;0;1;0;0
23972;0;1;0;0
24055;0;0;0;0
24061;0;1;0;0
24069;0;1;0;0
24096;0;0;0;0
24131;0;1;0;0
24214;0;1;0;0
24217;0;1;0;0
24223;0;1;0;0
24229;0;1;1;0
24247;0;1;0;0
24250;0;1;1;0
24259;0;0;0;0
24280;0;1;0;0
24291;0;1;0;0
24367;0;1;0;0
24444;0;1;0;0
24478;0;1;1;0
24495;0;1;0;0
24540;0;1;0;0
24624;0;0;0;0
24642;0;1;0;0
24658;0;0;0;0
24673;0;0;0;0
24680;0;0;1;0
24703;0;1;0;0
24716;0;1;1;0
24729;0;1;1;0
24733;0;1;1;0
24746;0;1;0;0
24763;0;0;0;0
24779;0;0;0;0
24789;0;0;0;0
24794;0;0;0;0
24821;0;1;0;0
24844;0;0;1;0
24924;0;1;1;0
24932;0;1;0;0
24940;0;0;0;0
24949;0;1;1;0
24954;0;0;1;0
24966;0;0;0;0
24989;0;0;0;0
24990;0;1;1;0
24998;0;0;0;0
25001;0;1;1;0
25010;0;0;0;0
25011;0;1;0;0
25015;0;0;0;0
25053;0;0;0;0
25059;0;0;0;0
25061;0;0;1;0
25067;0;0;0;0
25071;0;0;1;0
25075;0;1;1;0
25077;0;1;1;0
25081;0;0;0;0
25096;0;1;0;0
25115;0;0;1;0
25118;0;1;1;0
25121;0;0;1;0
25127;0;1;0;0
25130;0;0;0;0
25137;0;1;0;0
25153;0;0;0;0
25154;0;0;1;0
25155;0;0;0;0
25156;0;0;1;0
25158;0;1;0;0
25182;0;0;0;0
25191;0;1;0;0
25194;0;1;0;0
25209;0;0;0;0
25233;0;1;0;0
25236;0;1;1;0
25249;0;0;0;0
25251;0;0;0;0
25256;0;0;0;0
25262;0;1;0;0
25275;0;0;0;0
25282;0;0;1;0
25283;0;0;0;0
25290;0;0;0;0
25307;0;1;1;0
25317;0;0;0;0
25320;0;0;0;0
25331;0;0;0;0
25341;0;0;1;0
25348;0;0;1;0
25353;0;1;1;0
25355;0;0;1;0
25365;0;1;0;0
25371;0;0;0;0
25372;0;1;0;0
25378;0;1;1;0
25383;0;1;0;0
25385;0;1;1;0
25387;0;0;1;0
25389;0;0;0;0
25392;0;0;0;0
25415;0;1;0;0
25428;0;0;0;0
25431;0;1;0;0
25432;0;1;0;0
25435;0;1;0;0
25456;0;0;1;0
25466;0;1;1;0
25468;0;0;0;0
25469;0;0;0;0
25482;0;0;0;0
25503;0;1;1;0
25511;0;1;0;1
25517;0;0;0;0
25519;0;1;0;0
25527;0;0;0;0
25529;0;0;0;0
25530;0;1;1;0
25546;0;0;0;0
25567;0;1;0;0
25570;0;1;1;0
25575;0;0;0;0
25576;0;1;1;0
25579;0;1;1;0
25581;0;1;0;0
25582;0;1;0;1
25600;0;1;0;0
25602;0;1;1;0
25618;0;1;0;0
25619;0;0;0;0
25622;0;0;0;0
25625;0;1;0;0
25633;0;0;0;0
25638;0;0;0;0
25652;0;0;0;0
25662;0;0;0;0
25663;0;0;0;0
25667;0;0;0;0
25671;0;1;1;0
25674;0;0;0;0
25677;0;0;1;0
25679;0;1;0;0
25686;0;1;0;0
25688;0;0;1;0
25690;0;1;1;0
25694;0;0;0;0
25696;0;0;0;0
25699;0;1;0;0
25702;0;1;0;0
25707;0;0;0;0
25710;0;0;0;0
25711;0;1;0;0
25745;0;1;0;0
25746;0;1;1;0
25749;0;0;0;0
25753;0;0;1;0
25755;0;0;0;0
25756;0;0;0;0
25762;0;0;0;0
25764;0;1;1;0
25765;0;0;0;0
25768;0;1;0;0
25772;0;1;0;0
25778;0;1;0;0
25782;0;1;1;0
25790;0;0;0;0
25791;0;0;0;0
25794;0;0;0;0
25795;0;0;0;0
25802;0;0;0;0
25805;0;0;0;0
25815;0;0;0;0
25816;0;1;0;0
25828;0;0;0;0
25834;0;0;1;0
25841;0;0;0;0
25842;0;0;0;0
25847;0;1;1;0
25848;0;1;0;0
25854;0;1;0;0
25856;0;1;1;0
25857;0;1;1;0
25860;0;1;1;0
25867;0;0;0;0
25878;0;1;0;0
25880;0;1;1;0
25883;0;1;0;0
25884;0;0;1;0
25891;0;1;1;0
25894;0;1;0;0
25896;0;0;0;0
25901;0;0;0;0
25903;0;0;0;0
25911;0;1;1;0
25913;0;1;1;0
25927;0;0;0;0
25945;0;0;0;0
25948;0;1;0;0
25969;0;1;1;0
25976;0;0;1;0
25979;0;0;1;0
25991;0;1;0;0
25994;0;0;0;0
25995;0;1;0;0
25996;0;0;0;0
26002;0;0;0;0
26004;0;1;0;0
26022;0;1;1;0
26025;0;0;0;0
26027;0;1;1;0
26029;0;0;1;0
26031;0;1;0;0
26037;0;1;1;0
26044;0;1;0;0
26045;0;0;0;0
26054;0;0;0;0
26059;0;1;1;0
26061;0;1;0;0
26065;0;1;1;0
26073;0;1;1;0
26074;0;0;0;0
26082;0;1;1;0
26088;0;1;0;0
26091;0;0;0;0
26099;0;1;0;0
26103;0;1;0;0
26109;0;0;0;0
26118;0;0;0;0
26120;0;1;0;0
26121;0;1;0;0
26122;0;0;0;0
26145;0;0;0;0
26148;0;1;1;0
26160;0;1;0;0
26161;0;1;0;0
26170;0;0;0;0
26172;0;0;0;0
26176;0;1;0;0
26177;0;1;1;0
26181;0;1;0;0
26185;0;1;1;0
26191;0;0;0;0
26192;0;1;0;0
26193;0;0;0;0
26205;0;0;0;0
26207;0;0;1;0
26209;0;0;1;0
26217;0;1;1;0
26220;0;0;0;0
26238;0;0;0;0
26246;0;0;0;0
26250;0;1;0;0
26251;0;0;1;0
26252;0;0;0;0
26255;0;0;1;0
26258;0;0;1;0
26261;0;0;0;1
26263;0;0;1;0
26266;0;1;1;0
26269;0;1;0;0
26273;0;0;0;0
26275;0;1;1;0
26283;0;0;1;0
26291;0;0;0;0
26298;0;1;0;0
26304;0;1;1;0
26318;0;1;0;0
26325;0;1;1;0
26329;0;0;0;0
26332;0;1;1;0
26339;0;0;0;1
26347;0;0;0;0
26351;0;1;0;0
26353;0;0;0;0
26360;0;0;0;0
26367;0;1;1;0
26370;0;0;1;0
26373;0;0;0;0
26374;0;1;0;0
26376;0;0;0;0
26383;0;0;0;0
26385;0;0;1;0
26386;0;1;1;0
26387;0;0;0;0
26388;0;1;0;0
26390;0;1;0;0
26408;0;1;0;0
26417;0;0;0;0
26418;0;1;0;0
26420;0;0;0;0
26442;0;1;1;0
26482;0;1;0;0
26504;0;1;0;0
26507;0;0;0;0
26511;0;1;0;0
26515;0;1;0;0
26523;0;1;0;0
26527;0;0;0;0
26544;0;1;0;0
26547;0;1;1;0
26552;0;0;0;0
26557;0;0;0;0
26595;0;0;0;0
26617;0;0;0;0
26627;0;1;0;0
26644;0;1;0;0
26666;0;0;0;0
26683;0;1;0;0
26703;0;0;0;1
26719;0;1;0;0
26721;0;1;1;0
26728;0;1;0;1
26730;0;1;1;0
26740;0;0;0;0
26741;0;0;0;0
26743;0;1;0;0
26755;0;1;0;0
26756;0;1;0;0
26772;0;1;0;0
26780;0;1;0;0
26798;0;0;0;0
26803;0;1;0;0
26804;0;0;0;0
26818;0;1;0;0
26825;0;1;0;0
26832;0;1;1;0
26834;0;0;0;0
26837;0;1;0;0
26839;0;1;0;0
26848;0;1;0;0
26868;0;1;0;0
26877;0;1;0;0
26883;0;1;0;0
26895;0;1;0;0
26898;0;0;0;0
26899;0;1;0;0
26902;0;1;0;0
26910;0;0;0;0
26921;0;1;0;0
26928;0;1;0;0
26933;0;1;0;0
26936;0;1;1;0
26950;0;0;0;0
26951;0;1;0;0
26968;0;1;0;0
26970;0;1;0;0
26974;0;1;0;0
26975;0;1;0;0
26977;0;0;0;0
26978;0;1;0;1
26980;0;0;0;0
27013;0;0;0;0
27018;0;1;1;0
27031;0;0;0;0
27032;0;1;0;0
27047;0;1;0;0
27054;0;1;0;0
27071;0;1;0;0
27093;0;1;0;0
27110;0;1;0;0
27114;0;1;0;1
27115;0;1;1;0
27126;0;1;0;0
27133;0;1;0;0
27136;0;1;1;0
27159;0;1;1;0
27165;0;1;0;0
27173;0;1;0;0
27188;0;0;0;0
27191;0;1;0;0
27208;0;1;0;0
27217;0;1;0;0
27219;0;0;0;0
27225;0;1;1;0
27238;0;1;0;0
27240;0;0;0;0
27244;0;0;0;0
27272;0;1;0;0
27274;0;0;0;0
27292;0;1;0;0
27302;0;1;0;0
27303;0;1;0;0
27308;0;1;0;0
27331;0;1;0;0
27332;0;1;0;0
27340;0;1;0;0
27346;0;1;0;0
27353;0;0;0;0
27358;0;1;0;0
27371;0;1;0;0
27375;0;0;0;0
27384;0;1;0;0
27387;0;0;0;0
27395;0;0;0;0
27398;0;1;0;0
27412;0;1;0;0
27418;0;0;0;1
27429;0;1;0;0
27461;0;0;0;0
27465;0;1;0;0
27474;0;1;0;0
27479;0;1;0;0
27492;0;1;0;1
27496;0;1;0;0
27566;0;1;1;0
27568;0;1;1;0
27572;0;1;0;0
27583;0;1;1;0
27618;0;1;0;1
27641;0;1;0;0
27660;0;1;0;0
27681;0;1;0;0
27688;0;1;0;0
27690;0;1;1;0
27700;0;0;0;1
27730;0;1;1;0
27733;0;1;0;0
27739;0;0;0;0
27744;0;1;0;1
27747;0;1;0;0
27754;0;1;0;0
27779;0;1;0;0
27795;0;1;0;0
27814;0;0;0;0
27817;0;1;0;0
27819;0;0;0;1
27821;0;0;0;0
27835;0;1;1;0
27841;0;1;0;0
27847;0;1;0;0
27871;0;1;1;0
27875;0;0;0;0
27939;0;0;0;0
27955;0;0;0;0
27981;0;1;0;0
28026;0;1;0;0
28051;0;1;0;0
28118;0;1;0;0
28119;0;1;1;0
28121;0;1;0;0
28136;0;0;0;0
28154;0;0;0;0
28210;0;1;0;0
28249;0;1;0;0
28270;0;0;0;0
28336;0;1;1;0
28339;0;1;1;0
28349;0;1;1;0
28372;0;1;0;0
28388;0;1;1;0
28390;0;1;0;0
28407;0;0;0;0
28410;0;1;1;0
28430;0;1;0;0
28431;0;0;0;0
28432;0;1;1;0
28439;0;1;0;0
28453;0;1;0;0
28470;0;1;0;0
28471;0;1;0;0
28479;0;1;0;0
28503;0;1;0;0
28515;0;1;0;0
28529;0;1;0;0
28542;0;1;1;0
28544;0;0;0;0
28547;0;1;1;0
28559;0;0;0;0
28568;0;1;0;0
28586;0;1;0;0
28588;0;1;1;0
28591;0;1;0;0
28603;0;1;0;0
28614;0;1;0;0
28629;0;1;0;0
28640;0;1;1;0
28679;0;1;1;0
28713;0;1;1;0
28718;0;1;1;0
28719;0;0;0;0
28724;0;1;0;0
28729;0;1;1;0
28733;0;1;1;0
28736;0;1;0;0
28740;0;1;1;0
28761;0;0;1;0
28764;0;1;0;0
28765;0;1;0;0
28769;0;1;1;0
28778;0;1;1;0
28799;0;1;1;0
28801;0;1;0;0
28804;0;1;0;0
28818;0;1;1;0
28835;0;0;0;0
28846;0;1;1;0
28848;0;1;1;0
28851;0;1;0;0
28869;0;1;0;0
28871;0;1;1;0
28875;0;1;0;0
28882;0;0;0;0
28889;0;1;0;0
28898;0;1;1;0
28906;0;1;0;0
28908;0;1;0;0
28909;0;1;0;0
28910;0;1;0;0
28911;0;1;0;0
28913;0;1;0;0
28915;0;1;0;0
28916;0;1;1;0
28924;0;1;1;0
28931;0;1;0;0
28939;0;1;1;0
28941;0;1;0;0
28961;0;1;0;0
28977;0;1;0;0
28978;0;1;0;0
28984;0;1;0;0
28990;0;1;1;0
28995;0;1;0;0
29005;0;0;0;0
29007;0;1;0;0
29019;0;1;0;0
29031;0;1;1;0
29032;0;1;1;0
29036;0;1;1;0
29051;0;1;0;0
29057;0;1;0;0
29060;0;1;1;0
29063;0;1;0;0
29067;0;1;0;0
29079;0;1;0;0
29091;0;1;0;0
29092;0;0;0;0
29100;0;0;0;0
29102;0;1;0;0
29128;0;0;0;0
29139;0;1;1;0
29140;0;1;1;0
29143;0;1;0;0
29145;0;1;1;0
29171;0;1;1;0
29174;0;1;0;0
29180;0;1;1;0
29189;0;1;0;0
29194;0;1;0;0
29199;0;1;0;0
29208;0;1;1;0
29214;0;1;0;0
29215;0;1;0;0
29219;0;1;0;0
29231;0;1;0;0
29237;0;1;0;0
29242;0;1;0;0
29243;0;1;0;0
29250;0;1;1;0
29256;0;1;0;0
29286;0;1;0;0
29292;0;1;0;0
29307;0;1;0;0
29318;0;0;0;0
29326;0;1;0;0
29327;0;1;0;0
29344;0;1;0;0
29349;0;1;0;0
29361;0;1;0;0
29365;0;1;0;0
29370;0;1;0;0
29377;0;1;0;0
29378;0;1;0;0
29381;0;1;0;0
29383;0;1;0;0
29400;0;1;1;0
29414;0;1;0;0
29428;0;1;0;0
29431;0;1;0;0
29440;0;1;0;0
29467;0;1;1;0
29476;0;1;1;0
29481;0;1;0;0
29487;0;1;1;0
29498;0;1;0;0
29507;0;1;0;0
29518;0;1;0;0
29519;0;1;0;0
29546;0;1;0;0
29550;0;1;0;0
29564;0;0;0;0
29565;0;1;1;0
